{
  "Ansi 6 Color" : {
    "Green Component" : 0.6538164615631104,
    "Red Component" : 0.5207241177558899,
    "Blue Component" : 0.6465758085250854
  },
  "Tags" : [

  ],
  "Ansi 12 Color" : {
    "Green Component" : 0.5623199343681335,
    "Red Component" : 0.4896197021007538,
    "Blue Component" : 0.6419776678085327
  },
  "Custom Directory" : "No",
  "Normal Font" : "Monaco 12",
  "Bold Color" : {
    "Green Component" : 0.7223970890045166,
    "Red Component" : 0.7011426091194153,
    "Blue Component" : 0.7646691799163818
  },
  "Link Color" : {
    "Red Component" : 0,
    "Color Space" : "sRGB",
    "Blue Component" : 0.734233021736145,
    "Alpha Component" : 1,
    "Green Component" : 0.3591606020927429
  },
  "Ansi 3 Color" : {
    "Green Component" : 0.7557786107063293,
    "Red Component" : 0.8990203142166138,
    "Blue Component" : 0.4728026986122131
  },
  "Ansi 5 Color" : {
    "Green Component" : 0.4759558439254761,
    "Red Component" : 0.6428900957107544,
    "Blue Component" : 0.5895920395851135
  },
  "Rows" : 25,
  "Default Bookmark" : "No",
  "Cursor Guide Color" : {
    "Red Component" : 0.7021318674087524,
    "Color Space" : "sRGB",
    "Blue Component" : 1,
    "Alpha Component" : 0.25,
    "Green Component" : 0.9268307089805603
  },
  "Non-ASCII Anti Aliased" : true,
  "Use Bright Bold" : true,
  "Ansi 10 Color" : {
    "Green Component" : 0.7009834051132202,
    "Red Component" : 0.5306079983711243,
    "Blue Component" : 0.4758858382701874
  },
  "Ambiguous Double Width" : false,
  "Jobs to Ignore" : [
    "rlogin",
    "ssh",
    "slogin",
    "telnet"
  ],
  "Ansi 15 Color" : {
    "Green Component" : 0.9999743700027466,
    "Red Component" : 1,
    "Blue Component" : 0.9999912977218628
  },
  "Foreground Color" : {
    "Green Component" : 0.7223970890045166,
    "Red Component" : 0.7011426091194153,
    "Blue Component" : 0.7646691799163818
  },
  "Working Directory" : "\/Users\/yauhen_sharayeu",
  "Bound Hosts" : [

  ],
  "Blinking Cursor" : false,
  "Disable Window Resizing" : true,
  "Sync Title" : false,
  "Prompt Before Closing 2" : false,
  "BM Growl" : true,
  "Command" : "",
  "Description" : "Default",
  "Mouse Reporting" : true,
  "Screen" : -1,
  "Selection Color" : {
    "Green Component" : 0.0938835049863251,
    "Red Component" : 0.08435614606980221,
    "Blue Component" : 0.1185131504524887
  },
  "Columns" : 80,
  "Idle Code" : 0,
  "Ansi 13 Color" : {
    "Green Component" : 0.4759558439254761,
    "Red Component" : 0.6428900957107544,
    "Blue Component" : 0.5895920395851135
  },
  "Custom Command" : "No",
  "ASCII Anti Aliased" : true,
  "Non Ascii Font" : "Monaco 12",
  "Vertical Spacing" : 1,
  "Use Bold Font" : true,
  "Option Key Sends" : 0,
  "Selected Text Color" : {
    "Green Component" : 0.7223970890045166,
    "Red Component" : 0.7011426091194153,
    "Blue Component" : 0.7646691799163818
  },
  "Background Color" : {
    "Green Component" : 0.1403639316558838,
    "Red Component" : 0.1266917586326599,
    "Blue Component" : 0.175629511475563
  },
  "Character Encoding" : 4,
  "Ansi 11 Color" : {
    "Green Component" : 0.7557786107063293,
    "Red Component" : 0.8990203142166138,
    "Blue Component" : 0.4728026986122131
  },
  "Use Italic Font" : true,
  "Unlimited Scrollback" : false,
  "Keyboard Map" : {
    "0xf704-0x20000" : {
      "Action" : 10,
      "Text" : "[1;2P"
    },
    "0xf700-0x260000" : {
      "Action" : 10,
      "Text" : "[1;6A"
    },
    "0x37-0x40000" : {
      "Action" : 11,
      "Text" : "0x1f"
    },
    "0x32-0x40000" : {
      "Action" : 11,
      "Text" : "0x00"
    },
    "0xf709-0x20000" : {
      "Action" : 10,
      "Text" : "[17;2~"
    },
    "0xf70c-0x20000" : {
      "Action" : 10,
      "Text" : "[20;2~"
    },
    "0xf729-0x20000" : {
      "Action" : 10,
      "Text" : "[1;2H"
    },
    "0x61-0x140000" : {
      "Text" : "[31;2~",
      "Action" : 10
    },
    "0xf72b-0x40000" : {
      "Action" : 10,
      "Text" : "[1;5F"
    },
    "0xf705-0x20000" : {
      "Action" : 10,
      "Text" : "[1;2Q"
    },
    "0xf703-0x260000" : {
      "Action" : 10,
      "Text" : "[1;6C"
    },
    "0xf700-0x220000" : {
      "Action" : 10,
      "Text" : "[1;2A"
    },
    "0xf701-0x280000" : {
      "Action" : 11,
      "Text" : "0x1b 0x1b 0x5b 0x42"
    },
    "0x38-0x40000" : {
      "Action" : 11,
      "Text" : "0x7f"
    },
    "0x33-0x40000" : {
      "Action" : 11,
      "Text" : "0x1b"
    },
    "0x2e-0x140000" : {
      "Text" : "[35;2~",
      "Action" : 10
    },
    "0xf703-0x220000" : {
      "Action" : 10,
      "Text" : "[1;2C"
    },
    "0xf701-0x240000" : {
      "Action" : 10,
      "Text" : "[1;5B"
    },
    "0xf70d-0x20000" : {
      "Action" : 10,
      "Text" : "[21;2~"
    },
    "0xf702-0x260000" : {
      "Action" : 10,
      "Text" : "[1;6D"
    },
    "0xf729-0x40000" : {
      "Action" : 10,
      "Text" : "[1;5H"
    },
    "0x68-0x140000" : {
      "Text" : "[32;2~",
      "Action" : 10
    },
    "0xf706-0x20000" : {
      "Action" : 10,
      "Text" : "[1;2R"
    },
    "0x34-0x40000" : {
      "Action" : 11,
      "Text" : "0x1c"
    },
    "0xf700-0x280000" : {
      "Action" : 11,
      "Text" : "0x1b 0x1b 0x5b 0x41"
    },
    "0x73-0x140000" : {
      "Text" : "[36;2~",
      "Action" : 10
    },
    "0x2d-0x40000" : {
      "Action" : 11,
      "Text" : "0x1f"
    },
    "0xf70e-0x20000" : {
      "Action" : 10,
      "Text" : "[23;2~"
    },
    "0xf702-0x220000" : {
      "Action" : 10,
      "Text" : "[1;2D"
    },
    "0x6e-0x140000" : {
      "Text" : "[30;2~",
      "Action" : 10
    },
    "0xf703-0x280000" : {
      "Action" : 11,
      "Text" : "0x1b 0x1b 0x5b 0x43"
    },
    "0xf700-0x240000" : {
      "Action" : 10,
      "Text" : "[1;5A"
    },
    "0xf707-0x20000" : {
      "Action" : 10,
      "Text" : "[1;2S"
    },
    "0x2c-0x140000" : {
      "Text" : "[34;2~",
      "Action" : 11
    },
    "0xf70a-0x20000" : {
      "Action" : 10,
      "Text" : "[18;2~"
    },
    "0x35-0x40000" : {
      "Action" : 11,
      "Text" : "0x1d"
    },
    "0xf70f-0x20000" : {
      "Action" : 10,
      "Text" : "[24;2~"
    },
    "0x6c-0x140000" : {
      "Text" : "[33;2~",
      "Action" : 10
    },
    "0xf703-0x240000" : {
      "Action" : 10,
      "Text" : "[1;5C"
    },
    "0xf701-0x260000" : {
      "Action" : 10,
      "Text" : "[1;6B"
    },
    "0xf702-0x280000" : {
      "Action" : 11,
      "Text" : "0x1b 0x1b 0x5b 0x44"
    },
    "0xf72b-0x20000" : {
      "Action" : 10,
      "Text" : "[1;2F"
    },
    "0x36-0x40000" : {
      "Action" : 11,
      "Text" : "0x1e"
    },
    "0xf708-0x20000" : {
      "Action" : 10,
      "Text" : "[15;2~"
    },
    "0x63-0x140000" : {
      "Text" : "[37;2~",
      "Action" : 10
    },
    "0xf701-0x220000" : {
      "Action" : 10,
      "Text" : "[1;2B"
    },
    "0xf70b-0x20000" : {
      "Action" : 10,
      "Text" : "[19;2~"
    },
    "0x32-0x100000" : {
      "Text" : "[52;2~",
      "Action" : 10
    },
    "0x33-0x100000" : {
      "Text" : "[53;2~",
      "Action" : 10
    },
    "0x34-0x100000" : {
      "Text" : "[54;2~",
      "Action" : 10
    },
    "0x35-0x100000" : {
      "Text" : "[55;2~",
      "Action" : 10
    },
    "0x36-0x100000" : {
      "Text" : "[56;2~",
      "Action" : 10
    },
    "0x37-0x100000" : {
      "Text" : "[57;2~",
      "Action" : 10
    },
    "0x38-0x100000" : {
      "Text" : "[58;2~",
      "Action" : 10
    },
    "0x39-0x100000" : {
      "Text" : "[59;2~",
      "Action" : 10
    },
    "0xf702-0x240000" : {
      "Action" : 10,
      "Text" : "[1;5D"
    },
    "0x31-0x100000" : {
      "Text" : "[51;2~",
      "Action" : 10
    }
  },
  "Window Type" : 0,
  "Background Image Location" : "",
  "Blur" : false,
  "Badge Color" : {
    "Red Component" : 1,
    "Color Space" : "sRGB",
    "Blue Component" : 0,
    "Alpha Component" : 0.5,
    "Green Component" : 0.1491314172744751
  },